corpus,raw_file_count,translated_file_count,back_file_count,matched_file_count,missing_in_back_count,back_without_raw_count,translated_without_back_count,aligned_line_count,source_only_line_count,back_only_line_count,matched_file_coverage,aligned_line_coverage,mean_rouge1_f1,mean_chrf,mean_bleu,mean_edit_similarity,mean_length_ratio,exact_match_rate
史记,129,112,112,112,17,0,0,27902,0,53,0.8682170542635659,1.0,0.5772525597998043,0.23611133054340797,0.24468784973578483,0.45605729610046875,1.046471946154709,0.007382983298688266
后汉书,100,98,95,95,5,0,3,25501,0,45,0.95,1.0,0.5458076507882677,0.2077341835288138,0.2264906646230558,0.4254563901822526,1.1359168925342333,0.003215560174110819
晋书,47,43,39,39,8,0,4,22059,0,39,0.8297872340425532,1.0,0.4847892376709931,0.18741026500464755,0.2183669683569454,0.3732915688124763,1.1503534300025475,0.00494129380298291
梁书,56,51,47,47,9,0,4,12781,0,22,0.8392857142857143,1.0,0.5116189676988259,0.1932179840167535,0.21730904998988168,0.3921120964966562,1.109558827571637,0.0030514044284484783
汉书,112,107,107,107,5,0,0,37557,0,144,0.9553571428571429,1.0,0.5180468592725386,0.19783689748580977,0.21477486152112477,0.3965674279327669,1.1324065017116693,0.004446574540032484
